team,year,city,matches,runs,fours,sixes,two_hundreds,ten_wickets,wickets,wins,toss_wins,abb
Chennai Super Kings,2008,Bangalore,1,178,17,8,0,1,10,1,1,csk
Chennai Super Kings,2008,Chandigarh,1,240,20,16,1,0,4,1,1,csk
Chennai Super Kings,2008,Chennai,7,1167,108,39,2,0,43,3,1,csk
Chennai Super Kings,2008,Delhi,1,188,20,5,0,0,5,1,1,csk
Chennai Super Kings,2008,Hyderabad,1,148,16,3,0,0,8,1,0,csk
Chennai Super Kings,2008,Jaipur,1,109,12,1,0,0,2,0,1,csk
Chennai Super Kings,2008,Kolkata,1,55,8,0,0,0,5,1,0,csk
Chennai Super Kings,2008,Mumbai,3,435,43,14,0,0,16,1,0,csk
Chennai Super Kings,2009,Cape Town,1,146,10,6,0,0,7,0,1,csk
Chennai Super Kings,2009,Centurion,3,537,50,21,0,0,15,2,2,csk
Chennai Super Kings,2009,Durban,4,590,53,16,0,0,25,1,2,csk
Chennai Super Kings,2009,East London,1,178,14,7,0,1,10,1,1,csk
Chennai Super Kings,2009,Johannesburg,2,309,26,9,0,0,12,1,0,csk
Chennai Super Kings,2009,Kimberley,1,141,14,4,0,0,7,1,0,csk
Chennai Super Kings,2009,Port Elizabeth,2,330,25,10,0,1,15,2,1,csk
Chennai Super Kings,2010,Ahmedabad,1,160,11,6,0,0,8,0,0,csk
Chennai Super Kings,2010,Bangalore,1,135,14,3,0,0,5,0,1,csk
Chennai Super Kings,2010,Chennai,7,1132,83,49,1,0,43,4,4,csk
Chennai Super Kings,2010,Delhi,1,190,17,11,0,0,6,1,0,csk
Chennai Super Kings,2010,Dharamsala,1,195,22,7,0,0,3,1,1,csk
Chennai Super Kings,2010,Kolkata,1,164,16,4,0,1,10,1,1,csk
Chennai Super Kings,2010,Mumbai,3,490,40,15,0,1,24,2,2,csk
Chennai Super Kings,2010,Nagpur,1,138,9,3,0,0,4,0,1,csk
Chennai Super Kings,2011,Bangalore,1,128,7,7,0,0,2,0,0,csk
Chennai Super Kings,2011,Chandigarh,1,188,18,6,0,0,4,0,0,csk
Chennai Super Kings,2011,Chennai,8,1325,101,48,1,0,56,8,6,csk
Chennai Super Kings,2011,Jaipur,1,196,19,6,0,1,10,1,0,csk
Chennai Super Kings,2011,Kochi,1,131,15,3,0,0,3,0,0,csk
Chennai Super Kings,2011,Kolkata,1,114,6,2,0,0,2,0,1,csk
Chennai Super Kings,2011,Mumbai,3,478,38,19,0,0,14,2,2,csk
Chennai Super Kings,2012,Bangalore,1,187,23,6,0,0,9,1,0,csk
Chennai Super Kings,2012,Chennai,10,1606,124,51,2,1,60,6,4,csk
Chennai Super Kings,2012,Delhi,1,110,7,3,0,0,2,0,0,csk
Chennai Super Kings,2012,Dharamsala,1,120,9,6,0,0,4,0,0,csk
Chennai Super Kings,2012,Jaipur,1,127,11,5,0,0,6,1,1,csk
Chennai Super Kings,2012,Kolkata,1,160,13,7,0,0,6,1,1,csk
Chennai Super Kings,2012,Mumbai,1,173,13,8,0,0,8,0,0,csk
Chennai Super Kings,2012,Pune,1,155,13,4,0,0,3,0,1,csk
Chennai Super Kings,2012,Visakhapatnam,1,193,10,12,0,1,10,1,0,csk
Chennai Super Kings,2013,Bangalore,1,82,6,5,0,0,2,0,1,csk
Chennai Super Kings,2013,Chandigarh,1,139,14,3,0,1,10,1,1,csk
Chennai Super Kings,2013,Chennai,8,1340,112,40,1,0,46,6,3,csk
Chennai Super Kings,2013,Delhi,2,361,36,10,0,2,20,2,2,csk
Chennai Super Kings,2013,Hyderabad,1,223,21,10,1,0,8,1,0,csk
Chennai Super Kings,2013,Jaipur,1,141,16,0,0,0,5,0,0,csk
Chennai Super Kings,2013,Kolkata,2,249,17,10,0,0,18,1,0,csk
Chennai Super Kings,2013,Mumbai,1,79,6,1,0,0,5,0,0,csk
Chennai Super Kings,2013,Pune,1,164,13,5,0,0,9,1,1,csk
Chennai Super Kings,2014,Abu Dhabi,2,382,29,15,1,0,13,1,2,csk
Chennai Super Kings,2014,Bangalore,1,160,13,7,0,0,6,1,1,csk
Chennai Super Kings,2014,Cuttack,1,187,19,4,0,0,4,0,1,csk
Chennai Super Kings,2014,Delhi,1,181,16,10,0,0,5,1,1,csk
Chennai Super Kings,2014,Kolkata,1,154,8,9,0,0,2,0,0,csk
Chennai Super Kings,2014,Mumbai,3,538,45,24,1,0,20,2,3,csk
Chennai Super Kings,2014,Ranchi,4,620,47,25,0,0,26,2,2,csk
Chennai Super Kings,2015,Ahmedabad,1,156,18,3,0,0,2,0,1,csk
Chennai Super Kings,2015,Bangalore,1,181,17,10,0,0,8,1,0,csk
Chennai Super Kings,2015,Chandigarh,1,134,12,3,0,0,7,1,0,csk
Chennai Super Kings,2015,Chennai,7,1148,100,42,1,1,56,6,5,csk
Chennai Super Kings,2015,Hyderabad,1,170,16,5,0,0,7,0,1,csk
Chennai Super Kings,2015,Kolkata,2,326,35,11,0,0,8,0,1,csk
Chennai Super Kings,2015,Mumbai,2,351,32,16,0,0,13,1,0,csk
Chennai Super Kings,2015,Raipur,1,119,10,3,0,0,4,0,1,csk
Chennai Super Kings,2015,Ranchi,1,140,9,3,0,0,8,1,1,csk
Chennai Super Kings,2018,Bangalore,1,207,9,17,1,0,8,1,1,csk
Chennai Super Kings,2018,Chandigarh,1,193,15,8,0,0,7,0,1,csk
Chennai Super Kings,2018,Chennai,1,205,9,14,1,0,6,1,1,csk
Chennai Super Kings,2018,Delhi,1,128,6,7,0,0,5,0,1,csk
Chennai Super Kings,2018,Hyderabad,1,182,18,8,0,0,6,1,0,csk
Chennai Super Kings,2018,Jaipur,1,176,14,4,0,0,6,0,1,csk
Chennai Super Kings,2018,Kolkata,1,177,17,7,0,0,4,0,0,csk
Chennai Super Kings,2018,Mumbai,3,490,40,25,0,0,17,3,3,csk
Chennai Super Kings,2018,Pune,6,1051,83,55,2,2,40,5,3,csk
Chennai Super Kings,2019,Bangalore,1,160,10,8,0,0,7,0,1,csk
Chennai Super Kings,2019,Chandigarh,1,170,16,6,0,0,4,0,0,csk
Chennai Super Kings,2019,Chennai,8,1112,90,41,0,2,53,6,6,csk
Chennai Super Kings,2019,Delhi,1,150,14,5,0,0,6,1,0,csk
Chennai Super Kings,2019,Hyderabad,2,280,22,9,0,0,12,0,1,csk
Chennai Super Kings,2019,Jaipur,1,155,5,8,0,0,7,1,1,csk
Chennai Super Kings,2019,Kolkata,1,162,21,3,0,0,8,1,1,csk
Chennai Super Kings,2019,Mumbai,1,133,13,4,0,0,5,0,1,csk
Chennai Super Kings,2019,Visakhapatnam,1,151,14,5,0,0,9,1,1,csk
Chennai Super Kings,2020,Abu Dhabi,4,602,58,12,0,1,28,2,3,csk
Chennai Super Kings,2021,Abu Dhabi,2,361,31,14,0,0,9,1,0,csk
Chennai Super Kings,2021,Delhi,2,391,39,17,1,0,9,1,0,csk
Chennai Super Kings,2021,Dubai,5,791,63,26,0,0,33,3,2,csk
Chennai Super Kings,2021,Mumbai,5,894,75,45,1,1,39,4,2,csk
Chennai Super Kings,2021,Sharjah,2,296,24,13,0,0,13,2,2,csk
Chennai Super Kings,2022,Mumbai,9,1393,117,58,2,0,44,1,4,csk
Chennai Super Kings,2022,Navi Mumbai,2,364,29,18,1,1,17,2,1,csk
Chennai Super Kings,2022,Pune,3,531,38,27,1,0,21,1,1,csk
Deccan Chargers,2008,Bangalore,1,153,15,5,0,0,8,0,1,deccan
Deccan Chargers,2008,Chandigarh,1,175,14,9,0,0,4,0,0,deccan
Deccan Chargers,2008,Chennai,1,148,15,7,0,0,7,1,1,deccan
Deccan Chargers,2008,Delhi,1,182,15,9,0,0,4,0,1,deccan
Deccan Chargers,2008,Hyderabad,7,1166,112,42,1,0,30,0,4,deccan
Deccan Chargers,2008,Jaipur,1,140,15,3,0,0,2,0,0,deccan
Deccan Chargers,2008,Kolkata,1,110,6,6,0,0,5,0,1,deccan
Deccan Chargers,2008,Mumbai,1,155,13,11,0,0,7,1,1,deccan
Deccan Chargers,2009,Cape Town,2,288,20,16,0,1,18,2,1,deccan
Deccan Chargers,2009,Centurion,4,605,46,20,0,0,24,2,2,deccan
Deccan Chargers,2009,Durban,3,498,38,21,0,0,20,2,3,deccan
Deccan Chargers,2009,East London,1,100,6,6,0,0,3,0,0,deccan
Deccan Chargers,2009,Johannesburg,3,442,35,14,0,0,21,2,2,deccan
Deccan Chargers,2009,Kimberley,2,334,17,17,0,1,17,1,1,deccan
Deccan Chargers,2009,Port Elizabeth,1,141,11,5,0,0,7,0,1,deccan
Deccan Chargers,2010,Ahmedabad,1,148,8,6,0,0,2,0,1,deccan
Deccan Chargers,2010,Bangalore,1,186,17,8,0,0,6,1,1,deccan
Deccan Chargers,2010,Chennai,1,190,18,8,0,0,9,1,1,deccan
Deccan Chargers,2010,Cuttack,2,341,28,16,0,0,17,2,1,deccan
Deccan Chargers,2010,Delhi,1,145,12,6,0,0,7,1,1,deccan
Deccan Chargers,2010,Dharamsala,1,178,17,7,0,0,3,1,1,deccan
Deccan Chargers,2010,Kolkata,1,157,18,2,0,0,6,0,0,deccan
Deccan Chargers,2010,Mumbai,5,582,45,15,0,0,24,0,3,deccan
Deccan Chargers,2010,Nagpur,3,447,34,16,0,2,28,2,0,deccan
Deccan Chargers,2011,Chennai,1,146,10,5,0,0,5,0,0,deccan
Deccan Chargers,2011,Delhi,1,168,20,3,0,0,7,1,1,deccan
Deccan Chargers,2011,Dharamsala,1,198,19,4,0,1,10,1,0,deccan
Deccan Chargers,2011,Hyderabad,7,1072,100,22,0,0,31,1,3,deccan
Deccan Chargers,2011,Kochi,1,129,13,1,0,1,10,1,0,deccan
Deccan Chargers,2011,Kolkata,1,154,13,5,0,0,4,0,0,deccan
Deccan Chargers,2011,Mumbai,2,273,19,8,0,0,17,2,2,deccan
Deccan Chargers,2012,Bangalore,1,181,15,9,0,0,5,0,0,deccan
Deccan Chargers,2012,Chandigarh,1,190,15,6,0,0,6,0,1,deccan
Deccan Chargers,2012,Chennai,1,150,14,3,0,0,6,0,0,deccan
Deccan Chargers,2012,Cuttack,2,312,25,8,0,0,10,1,1,deccan
Deccan Chargers,2012,Delhi,1,157,15,3,0,0,5,0,1,deccan
Deccan Chargers,2012,Hyderabad,4,592,50,19,0,0,23,2,2,deccan
Deccan Chargers,2012,Jaipur,1,196,18,7,0,0,5,0,1,deccan
Deccan Chargers,2012,Mumbai,1,100,8,2,0,0,5,0,0,deccan
Deccan Chargers,2012,Pune,1,177,11,8,0,0,7,1,1,deccan
Deccan Chargers,2012,Visakhapatnam,2,257,17,12,0,0,11,0,2,deccan
Delhi Capitals,2008,Bangalore,1,158,19,3,0,0,7,1,1,delhi
Delhi Capitals,2008,Chandigarh,1,158,18,2,0,0,6,0,1,delhi
Delhi Capitals,2008,Chennai,1,172,16,5,0,0,6,1,0,delhi
Delhi Capitals,2008,Delhi,6,1001,109,27,0,0,39,4,2,delhi
Delhi Capitals,2008,Hyderabad,1,143,15,6,0,0,8,1,0,delhi
Delhi Capitals,2008,Jaipur,1,156,10,5,0,0,7,0,0,delhi
Delhi Capitals,2008,Kolkata,1,110,13,0,0,0,6,0,0,delhi
Delhi Capitals,2008,Mumbai,2,220,18,6,0,0,17,0,2,delhi
Delhi Capitals,2009,Bloemfontein,2,270,17,3,0,0,13,1,1,delhi
Delhi Capitals,2009,Cape Town,1,58,6,3,0,0,7,1,1,delhi
Delhi Capitals,2009,Centurion,4,612,59,17,0,0,26,2,3,delhi
Delhi Capitals,2009,Durban,3,519,49,16,0,1,22,3,1,delhi
Delhi Capitals,2009,East London,1,118,11,2,0,1,10,1,0,delhi
Delhi Capitals,2009,Johannesburg,3,404,36,6,0,1,21,1,3,delhi
Delhi Capitals,2009,Port Elizabeth,1,150,10,4,0,0,7,1,0,delhi
Delhi Capitals,2010,Ahmedabad,1,142,12,5,0,0,6,1,1,delhi
Delhi Capitals,2010,Bangalore,1,183,15,5,0,0,9,1,0,delhi
Delhi Capitals,2010,Chandigarh,1,146,16,1,0,0,9,1,1,delhi
Delhi Capitals,2010,Chennai,1,113,8,0,0,0,9,1,0,delhi
Delhi Capitals,2010,Cuttack,1,161,13,6,0,0,6,0,0,delhi
Delhi Capitals,2010,Delhi,7,1099,99,35,0,1,50,3,6,delhi
Delhi Capitals,2010,Kolkata,1,167,16,4,0,0,3,0,0,delhi
Delhi Capitals,2010,Mumbai,1,144,11,2,0,0,4,0,0,delhi
Delhi Capitals,2011,Chennai,1,158,11,6,0,0,4,0,0,delhi
Delhi Capitals,2011,Delhi,7,965,82,33,1,0,29,1,3,delhi
Delhi Capitals,2011,Dharamsala,1,141,13,6,0,0,6,0,1,delhi
Delhi Capitals,2011,Hyderabad,1,179,17,7,0,0,5,1,1,delhi
Delhi Capitals,2011,Jaipur,1,151,14,6,0,0,4,0,1,delhi
Delhi Capitals,2011,Kochi,1,157,12,7,0,1,10,1,1,delhi
Delhi Capitals,2011,Mumbai,2,336,36,10,0,0,9,1,2,delhi
Delhi Capitals,2012,Bangalore,1,137,13,2,0,0,8,0,1,delhi
Delhi Capitals,2012,Chennai,2,250,11,10,0,0,6,0,1,delhi
Delhi Capitals,2012,Delhi,8,1291,119,50,1,0,44,5,5,delhi
Delhi Capitals,2012,Dharamsala,1,145,15,7,0,0,8,1,1,delhi
Delhi Capitals,2012,Hyderabad,1,193,13,12,0,0,4,1,0,delhi
Delhi Capitals,2012,Jaipur,1,144,18,3,0,0,6,1,0,delhi
Delhi Capitals,2012,Kolkata,1,100,8,4,0,0,9,1,1,delhi
Delhi Capitals,2012,Mumbai,1,93,7,1,0,1,10,1,1,delhi
Delhi Capitals,2012,Pune,2,292,28,8,0,0,6,1,0,delhi
Delhi Capitals,2013,Bangalore,1,163,18,3,0,0,7,0,0,delhi
Delhi Capitals,2013,Chennai,1,135,8,4,0,0,4,0,0,delhi
Delhi Capitals,2013,Delhi,6,821,80,15,0,0,31,1,2,delhi
Delhi Capitals,2013,Dharamsala,1,164,15,7,0,0,4,0,1,delhi
Delhi Capitals,2013,Hyderabad,1,80,4,1,0,0,4,0,1,delhi
Delhi Capitals,2013,Jaipur,1,154,19,2,0,0,1,0,1,delhi
Delhi Capitals,2013,Kolkata,1,128,15,1,0,0,4,0,0,delhi
Delhi Capitals,2013,Mumbai,1,165,15,5,0,0,5,0,0,delhi
Delhi Capitals,2013,Pune,1,134,12,2,0,0,5,0,0,delhi
Delhi Capitals,2013,Raipur,2,301,25,12,0,0,11,2,0,delhi
Delhi Capitals,2014,Abu Dhabi,1,84,7,0,0,0,7,0,0,delhi
Delhi Capitals,2014,Ahmedabad,1,139,12,3,0,0,6,0,1,delhi
Delhi Capitals,2014,Bangalore,1,170,11,8,0,0,4,0,1,delhi
Delhi Capitals,2014,Chandigarh,1,115,15,0,0,0,3,0,0,delhi
Delhi Capitals,2014,Delhi,5,797,69,28,0,0,15,0,1,delhi
Delhi Capitals,2014,Mumbai,1,158,13,6,0,1,10,0,1,delhi
Delhi Capitals,2015,Bangalore,1,187,14,9,0,0,0,0,0,delhi
Delhi Capitals,2015,Chennai,1,149,15,2,0,0,7,0,1,delhi
Delhi Capitals,2015,Delhi,5,734,57,31,0,0,28,2,1,delhi
Delhi Capitals,2015,Kolkata,1,158,14,7,0,0,7,0,0,delhi
Delhi Capitals,2015,Mumbai,2,327,28,14,0,0,7,0,2,delhi
Delhi Capitals,2015,Pune,1,169,17,5,0,0,7,1,0,delhi
Delhi Capitals,2015,Raipur,2,277,34,7,0,0,10,1,0,delhi
Delhi Capitals,2015,Visakhapatnam,1,167,9,9,0,0,8,1,1,delhi
Delhi Capitals,2016,Bangalore,1,192,22,4,0,0,5,1,1,delhi
Delhi Capitals,2016,Chandigarh,1,172,13,5,0,0,5,0,1,delhi
Delhi Capitals,2016,Delhi,5,796,63,29,0,1,35,3,2,delhi
Delhi Capitals,2016,Hyderabad,1,150,12,7,0,0,8,1,1,delhi
Delhi Capitals,2016,Kolkata,1,98,8,3,0,0,1,0,0,delhi
Delhi Capitals,2016,Raipur,2,299,23,6,0,0,11,1,1,delhi
Delhi Capitals,2016,Rajkot,1,150,16,4,0,0,7,1,1,delhi
Delhi Capitals,2016,Visakhapatnam,2,247,22,7,0,0,5,0,1,delhi
Delhi Capitals,2017,Bangalore,1,142,10,5,0,0,8,0,0,delhi
Delhi Capitals,2017,Chandigarh,1,67,3,2,0,0,0,0,0,delhi
Delhi Capitals,2017,Delhi,7,1144,97,54,1,0,41,4,6,delhi
Delhi Capitals,2017,Hyderabad,1,176,18,6,0,0,4,0,0,delhi
Delhi Capitals,2017,Kanpur,1,197,31,4,0,0,5,1,1,delhi
Delhi Capitals,2017,Kolkata,1,160,14,4,0,0,3,0,0,delhi
Delhi Capitals,2017,Mumbai,1,128,12,2,0,0,8,0,1,delhi
Delhi Capitals,2017,Pune,1,205,17,10,1,1,10,1,0,delhi
Delhi Capitals,2018,Bangalore,1,174,13,10,0,0,4,0,0,delhi
Delhi Capitals,2018,Chandigarh,1,166,11,5,0,0,4,0,0,delhi
Delhi Capitals,2018,Delhi,7,1258,98,66,1,1,44,4,3,delhi
Delhi Capitals,2018,Hyderabad,1,163,11,6,0,0,3,0,1,delhi
Delhi Capitals,2018,Jaipur,1,60,7,2,0,0,5,0,1,delhi
Delhi Capitals,2018,Kolkata,1,129,13,5,0,0,9,0,1,delhi
Delhi Capitals,2018,Mumbai,1,195,18,10,0,0,7,1,1,delhi
Delhi Capitals,2018,Pune,1,198,15,11,0,0,4,0,1,delhi
Delhi Capitals,2019,Bangalore,1,152,18,3,0,0,8,1,1,delhi
Delhi Capitals,2019,Chandigarh,1,152,17,3,0,0,9,0,1,delhi
Delhi Capitals,2019,Chennai,1,99,9,2,0,0,4,0,1,delhi
Delhi Capitals,2019,Delhi,7,1073,94,36,0,0,46,3,4,delhi
Delhi Capitals,2019,Hyderabad,1,155,14,4,0,1,10,1,0,delhi
Delhi Capitals,2019,Jaipur,1,193,19,8,0,0,6,1,1,delhi
Delhi Capitals,2019,Kolkata,1,180,17,7,0,0,7,1,1,delhi
Delhi Capitals,2019,Mumbai,1,213,22,11,1,0,9,1,0,delhi
Delhi Capitals,2019,Visakhapatnam,2,312,27,13,0,0,12,1,1,delhi
Delhi Capitals,2020,Abu Dhabi,5,787,67,16,0,0,30,2,5,delhi
Delhi Capitals,2021,Abu Dhabi,1,154,10,3,0,0,6,1,0,delhi
Delhi Capitals,2021,Ahmedabad,3,493,46,17,0,0,17,2,3,delhi
Delhi Capitals,2021,Chennai,2,305,32,4,0,0,16,1,1,delhi
Delhi Capitals,2021,Dubai,4,614,52,21,0,0,23,2,1,delhi
Delhi Capitals,2021,Mumbai,3,535,65,11,0,0,18,2,2,delhi
Delhi Capitals,2021,Sharjah,3,394,29,10,0,0,22,1,1,delhi
Delhi Capitals,2022,Mumbai,10,1747,153,82,3,2,61,5,5,delhi
Delhi Capitals,2022,Navi Mumbai,3,437,34,21,0,0,21,2,2,delhi
Delhi Capitals,2022,Pune,1,157,18,3,0,0,6,0,1,delhi
Gujarat Lions,2016,Bangalore,2,262,21,10,0,0,9,0,1,gl
Gujarat Lions,2016,Chandigarh,1,162,22,2,0,0,6,1,1,gl
Gujarat Lions,2016,Delhi,2,334,36,10,0,0,11,1,0,gl
Gujarat Lions,2016,Hyderabad,1,126,8,3,0,0,5,0,0,gl
Gujarat Lions,2016,Kanpur,2,298,35,9,0,0,16,2,2,gl
Gujarat Lions,2016,Kolkata,1,164,19,7,0,0,4,1,1,gl
Gujarat Lions,2016,Mumbai,1,147,14,3,0,0,8,1,1,gl
Gujarat Lions,2016,Pune,1,196,22,3,0,0,3,1,1,gl
Gujarat Lions,2016,Rajkot,5,761,65,16,0,1,19,2,1,gl
Gujarat Lions,2017,Bangalore,1,135,13,7,0,1,10,1,1,gl
Gujarat Lions,2017,Chandigarh,1,192,17,6,0,0,3,1,1,gl
Gujarat Lions,2017,Delhi,1,208,16,11,1,0,3,0,0,gl
Gujarat Lions,2017,Hyderabad,1,135,11,2,0,0,1,0,0,gl
Gujarat Lions,2017,Kanpur,2,349,35,12,0,0,10,0,0,gl
Gujarat Lions,2017,Kolkata,1,188,20,8,0,0,5,1,1,gl
Gujarat Lions,2017,Mumbai,1,176,12,6,0,0,4,0,0,gl
Gujarat Lions,2017,Pune,1,161,15,5,0,0,5,0,0,gl
Gujarat Lions,2017,Rajkot,5,868,79,35,0,1,29,1,4,gl
Gujarat Titans,2022,Kolkata,1,191,19,6,0,0,6,1,1,gt
Gujarat Titans,2022,Mumbai,9,1555,159,47,0,0,52,6,5,gt
Gujarat Titans,2022,Navi Mumbai,2,299,21,7,0,0,10,1,2,gt
Gujarat Titans,2022,Pune,3,485,41,15,0,1,24,3,2,gt
Kochi Tuskers Kerala,2011,Bangalore,1,125,12,0,0,0,1,0,1,ktk
Kochi Tuskers Kerala,2011,Chennai,1,141,10,3,0,0,5,0,0,ktk
Kochi Tuskers Kerala,2011,Delhi,1,141,17,3,0,0,6,1,1,ktk
Kochi Tuskers Kerala,2011,Indore,2,276,21,14,0,1,14,1,1,ktk
Kochi Tuskers Kerala,2011,Jaipur,1,109,8,0,0,0,2,0,0,ktk
Kochi Tuskers Kerala,2011,Kochi,5,645,56,19,0,0,29,2,3,ktk
Kochi Tuskers Kerala,2011,Kolkata,1,132,11,5,0,0,9,1,0,ktk
Kochi Tuskers Kerala,2011,Mumbai,2,332,35,9,0,0,8,1,2,ktk
Kolkata Knight Riders,2008,Bangalore,1,222,15,14,1,1,10,1,0,kkr
Kolkata Knight Riders,2008,Chandigarh,1,169,9,9,0,0,6,0,0,kkr
Kolkata Knight Riders,2008,Chennai,1,147,14,4,0,0,1,0,1,kkr
Kolkata Knight Riders,2008,Hyderabad,1,204,22,9,1,0,7,1,1,kkr
Kolkata Knight Riders,2008,Jaipur,1,151,8,6,0,0,7,0,0,kkr
Kolkata Knight Riders,2008,Kolkata,7,982,87,33,0,2,37,4,4,kkr
Kolkata Knight Riders,2008,Mumbai,1,67,7,1,0,0,2,0,0,kkr
Kolkata Knight Riders,2009,Cape Town,2,266,20,10,0,0,8,0,2,kkr
Kolkata Knight Riders,2009,Centurion,2,362,34,13,0,0,7,1,0,kkr
Kolkata Knight Riders,2009,Durban,4,474,38,14,0,0,21,2,4,kkr
Kolkata Knight Riders,2009,East London,1,139,10,3,0,0,6,0,0,kkr
Kolkata Knight Riders,2009,Johannesburg,2,283,17,11,0,0,7,0,0,kkr
Kolkata Knight Riders,2009,Port Elizabeth,2,248,24,5,0,0,10,0,1,kkr
Kolkata Knight Riders,2010,Ahmedabad,1,134,12,2,0,0,7,0,0,kkr
Kolkata Knight Riders,2010,Bangalore,1,160,13,8,0,0,3,0,0,kkr
Kolkata Knight Riders,2010,Chandigarh,1,183,20,3,0,0,6,1,1,kkr
Kolkata Knight Riders,2010,Chennai,1,139,9,5,0,0,1,0,1,kkr
Kolkata Knight Riders,2010,Delhi,1,137,11,3,0,0,4,0,0,kkr
Kolkata Knight Riders,2010,Kolkata,7,1075,108,32,1,0,42,5,4,kkr
Kolkata Knight Riders,2010,Mumbai,2,316,26,10,0,0,10,1,1,kkr
Kolkata Knight Riders,2011,Bangalore,1,89,7,3,0,0,6,0,0,kkr
Kolkata Knight Riders,2011,Chennai,1,151,14,3,0,0,4,0,0,kkr
Kolkata Knight Riders,2011,Delhi,1,148,12,4,0,0,9,1,0,kkr
Kolkata Knight Riders,2011,Hyderabad,1,169,13,6,0,0,6,1,0,kkr
Kolkata Knight Riders,2011,Jaipur,1,160,18,3,0,0,4,1,1,kkr
Kolkata Knight Riders,2011,Kochi,1,139,15,2,0,0,5,0,1,kkr
Kolkata Knight Riders,2011,Kolkata,7,901,85,19,0,1,41,4,4,kkr
Kolkata Knight Riders,2011,Mumbai,2,266,27,5,0,0,13,1,1,kkr
Kolkata Knight Riders,2012,Bangalore,1,165,15,6,0,0,9,1,0,kkr
Kolkata Knight Riders,2012,Chandigarh,1,127,12,3,0,0,7,1,0,kkr
Kolkata Knight Riders,2012,Chennai,2,332,28,8,0,0,8,2,0,kkr
Kolkata Knight Riders,2012,Cuttack,1,127,12,1,0,0,7,1,1,kkr
Kolkata Knight Riders,2012,Delhi,1,154,14,1,0,0,9,1,0,kkr
Kolkata Knight Riders,2012,Jaipur,1,142,10,5,0,0,5,0,1,kkr
Kolkata Knight Riders,2012,Kolkata,7,1019,81,34,0,0,36,3,3,kkr
Kolkata Knight Riders,2012,Mumbai,1,140,12,3,0,1,10,1,0,kkr
Kolkata Knight Riders,2012,Pune,2,298,26,8,0,0,16,2,2,kkr
Kolkata Knight Riders,2013,Bangalore,1,154,17,2,0,0,2,0,0,kkr
Kolkata Knight Riders,2013,Chandigarh,1,153,17,2,0,0,9,0,1,kkr
Kolkata Knight Riders,2013,Chennai,1,186,20,5,0,0,3,0,1,kkr
Kolkata Knight Riders,2013,Hyderabad,1,130,9,3,0,0,5,0,1,kkr
Kolkata Knight Riders,2013,Jaipur,1,125,8,4,0,0,6,0,1,kkr
Kolkata Knight Riders,2013,Kolkata,6,870,86,26,0,1,40,4,4,kkr
Kolkata Knight Riders,2013,Mumbai,1,105,8,4,0,0,6,0,0,kkr
Kolkata Knight Riders,2013,Pune,1,152,15,2,0,1,10,1,1,kkr
Kolkata Knight Riders,2013,Raipur,1,136,14,4,0,0,3,0,1,kkr
Kolkata Knight Riders,2013,Ranchi,2,279,28,5,0,0,13,1,2,kkr
Kolkata Knight Riders,2014,Abu Dhabi,3,435,36,9,0,0,21,1,2,kkr
Kolkata Knight Riders,2014,Ahmedabad,1,160,12,5,0,0,6,0,1,kkr
Kolkata Knight Riders,2014,Bangalore,1,200,15,11,1,0,4,1,1,kkr
Kolkata Knight Riders,2014,Cuttack,2,292,32,4,0,0,13,2,2,kkr
Kolkata Knight Riders,2014,Delhi,1,161,14,3,0,0,5,1,0,kkr
Kolkata Knight Riders,2014,Hyderabad,1,146,13,5,0,0,8,1,0,kkr
Kolkata Knight Riders,2014,Kolkata,4,675,70,27,0,0,24,4,2,kkr
Kolkata Knight Riders,2014,Ranchi,1,114,8,5,0,0,3,0,0,kkr
Kolkata Knight Riders,2015,Bangalore,1,111,11,5,0,0,3,0,0,kkr
Kolkata Knight Riders,2015,Chennai,1,132,12,3,0,0,6,0,1,kkr
Kolkata Knight Riders,2015,Delhi,1,147,18,2,0,0,8,1,1,kkr
Kolkata Knight Riders,2015,Kolkata,6,1038,97,38,0,0,39,5,3,kkr
Kolkata Knight Riders,2015,Mumbai,2,356,41,7,0,0,10,0,1,kkr
Kolkata Knight Riders,2015,Pune,1,159,21,4,0,0,9,1,1,kkr
Kolkata Knight Riders,2015,Visakhapatnam,1,101,6,5,0,0,4,0,1,kkr
Kolkata Knight Riders,2016,Bangalore,1,189,13,9,0,0,7,1,1,kkr
Kolkata Knight Riders,2016,Chandigarh,1,141,18,0,0,0,8,1,1,kkr
Kolkata Knight Riders,2016,Delhi,2,299,21,7,0,0,16,0,2,kkr
Kolkata Knight Riders,2016,Hyderabad,1,146,16,2,0,0,7,1,0,kkr
Kolkata Knight Riders,2016,Kanpur,1,124,10,4,0,0,4,0,0,kkr
Kolkata Knight Riders,2016,Kolkata,7,1028,88,32,0,1,43,4,1,kkr
Kolkata Knight Riders,2016,Mumbai,1,174,17,3,0,0,4,0,0,kkr
Kolkata Knight Riders,2016,Pune,1,162,11,8,0,0,5,1,1,kkr
Kolkata Knight Riders,2017,Bangalore,3,314,22,16,0,0,17,2,2,kkr
Kolkata Knight Riders,2017,Chandigarh,1,153,14,4,0,0,6,0,1,kkr
Kolkata Knight Riders,2017,Delhi,1,169,13,5,0,0,7,1,0,kkr
Kolkata Knight Riders,2017,Hyderabad,1,161,12,5,0,0,3,0,1,kkr
Kolkata Knight Riders,2017,Kolkata,7,1141,118,36,0,1,48,4,3,kkr
Kolkata Knight Riders,2017,Mumbai,1,178,14,6,0,0,6,0,0,kkr
Kolkata Knight Riders,2017,Pune,1,184,17,7,0,0,5,1,1,kkr
Kolkata Knight Riders,2017,Rajkot,1,184,18,8,0,0,4,1,1,kkr
Kolkata Knight Riders,2018,Bangalore,1,176,18,6,0,0,4,1,1,kkr
Kolkata Knight Riders,2018,Chennai,1,202,11,17,1,0,5,0,0,kkr
Kolkata Knight Riders,2018,Delhi,1,164,12,9,0,0,4,0,1,kkr
Kolkata Knight Riders,2018,Hyderabad,1,173,14,8,0,0,9,1,0,kkr
Kolkata Knight Riders,2018,Indore,1,245,24,15,1,0,8,1,0,kkr
Kolkata Knight Riders,2018,Jaipur,1,163,15,6,0,0,8,1,1,kkr
Kolkata Knight Riders,2018,Kolkata,9,1468,138,64,1,2,55,5,5,kkr
Kolkata Knight Riders,2018,Mumbai,1,168,21,5,0,0,4,0,1,kkr
Kolkata Knight Riders,2019,Bangalore,1,206,15,12,1,0,3,1,1,kkr
Kolkata Knight Riders,2019,Chandigarh,1,185,16,9,0,0,6,1,1,kkr
Kolkata Knight Riders,2019,Chennai,1,108,10,4,0,0,3,0,0,kkr
Kolkata Knight Riders,2019,Delhi,1,192,18,9,0,0,7,0,0,kkr
Kolkata Knight Riders,2019,Hyderabad,1,159,11,8,0,0,1,0,0,kkr
Kolkata Knight Riders,2019,Jaipur,1,140,13,8,0,0,3,1,1,kkr
Kolkata Knight Riders,2019,Kolkata,7,1350,110,83,3,0,33,3,2,kkr
Kolkata Knight Riders,2019,Mumbai,1,133,3,10,0,0,1,0,0,kkr
Kolkata Knight Riders,2020,Abu Dhabi,8,1214,117,37,0,0,40,4,5,kkr
Kolkata Knight Riders,2021,Abu Dhabi,3,424,44,14,0,1,24,2,2,kkr
Kolkata Knight Riders,2021,Ahmedabad,2,280,27,9,0,0,12,1,1,kkr
Kolkata Knight Riders,2021,Chennai,3,495,46,20,0,1,19,1,1,kkr
Kolkata Knight Riders,2021,Dubai,3,449,45,11,0,0,16,1,1,kkr
Kolkata Knight Riders,2021,Mumbai,2,335,25,19,1,0,7,0,1,kkr
Kolkata Knight Riders,2021,Sharjah,4,576,33,25,0,1,31,4,2,kkr
Kolkata Knight Riders,2022,Mumbai,8,1262,105,53,1,1,46,3,5,kkr
Kolkata Knight Riders,2022,Navi Mumbai,3,521,41,32,1,1,19,1,0,kkr
Kolkata Knight Riders,2022,Pune,3,440,31,28,0,0,19,2,3,kkr
Lucknow Super Giants,2022,Mumbai,10,1734,143,66,1,0,66,6,5,lsg
Lucknow Super Giants,2022,Navi Mumbai,1,210,13,14,1,0,8,1,1,lsg
Lucknow Super Giants,2022,Pune,3,411,26,21,0,1,22,2,0,lsg
Mumbai Indians,2008,Bangalore,1,126,10,6,0,0,9,1,1,mi
Mumbai Indians,2008,Chandigarh,1,116,12,4,0,1,10,0,1,mi
Mumbai Indians,2008,Chennai,1,202,19,8,1,0,5,0,1,mi
Mumbai Indians,2008,Delhi,1,176,18,7,0,0,5,0,0,mi
Mumbai Indians,2008,Hyderabad,1,178,17,6,0,0,7,1,0,mi
Mumbai Indians,2008,Jaipur,1,145,14,1,0,0,5,0,0,mi
Mumbai Indians,2008,Kolkata,1,138,17,2,0,0,8,1,0,mi
Mumbai Indians,2008,Mumbai,7,999,90,42,0,3,45,4,5,mi
Mumbai Indians,2009,Cape Town,1,165,19,3,0,0,7,1,0,mi
Mumbai Indians,2009,Centurion,3,413,41,9,0,0,21,1,0,mi
Mumbai Indians,2009,Durban,3,415,27,10,0,0,24,0,0,mi
Mumbai Indians,2009,East London,2,264,15,9,0,0,9,1,2,mi
Mumbai Indians,2009,Johannesburg,1,149,13,3,0,0,1,0,1,mi
Mumbai Indians,2009,Port Elizabeth,3,491,30,20,0,0,19,2,3,mi
Mumbai Indians,2010,Bangalore,1,191,14,10,0,0,9,1,0,mi
Mumbai Indians,2010,Chandigarh,1,154,15,2,0,0,4,0,1,mi
Mumbai Indians,2010,Chennai,1,141,11,3,0,0,4,0,0,mi
Mumbai Indians,2010,Delhi,1,218,19,9,1,0,9,1,0,mi
Mumbai Indians,2010,Jaipur,1,174,20,3,0,0,8,1,0,mi
Mumbai Indians,2010,Kolkata,1,133,12,2,0,0,1,0,1,mi
Mumbai Indians,2010,Mumbai,10,1727,170,46,1,3,66,8,7,mi
Mumbai Indians,2011,Bangalore,1,143,18,2,0,0,4,1,1,mi
Mumbai Indians,2011,Chandigarh,1,87,10,2,0,0,8,0,1,mi
Mumbai Indians,2011,Chennai,1,142,13,4,0,0,4,0,1,mi
Mumbai Indians,2011,Delhi,1,99,8,1,0,1,10,1,0,mi
Mumbai Indians,2011,Hyderabad,1,172,18,5,0,0,8,1,0,mi
Mumbai Indians,2011,Jaipur,1,94,4,2,0,0,3,0,0,mi
Mumbai Indians,2011,Kolkata,1,178,20,3,0,0,7,1,1,mi
Mumbai Indians,2011,Mumbai,9,1373,130,38,0,2,59,6,2,mi
Mumbai Indians,2012,Bangalore,2,322,30,12,0,0,11,1,2,mi
Mumbai Indians,2012,Chandigarh,1,171,13,6,0,0,3,1,0,mi
Mumbai Indians,2012,Chennai,1,115,9,5,0,1,10,1,1,mi
Mumbai Indians,2012,Delhi,1,170,17,6,0,0,5,0,1,mi
Mumbai Indians,2012,Jaipur,1,163,16,3,0,0,6,1,0,mi
Mumbai Indians,2012,Kolkata,1,182,19,7,0,0,4,1,1,mi
Mumbai Indians,2012,Mumbai,8,1077,97,31,0,2,52,3,5,mi
Mumbai Indians,2012,Pune,1,120,10,2,0,0,6,1,1,mi
Mumbai Indians,2012,Visakhapatnam,1,142,8,8,0,0,9,1,0,mi
Mumbai Indians,2013,Bangalore,1,154,11,5,0,0,5,0,1,mi
Mumbai Indians,2013,Chennai,1,148,10,7,0,0,9,1,1,mi
Mumbai Indians,2013,Delhi,2,305,21,15,0,0,2,0,1,mi
Mumbai Indians,2013,Dharamsala,1,133,10,5,0,0,8,0,1,mi
Mumbai Indians,2013,Hyderabad,1,129,12,2,0,0,3,0,1,mi
Mumbai Indians,2013,Jaipur,1,92,8,0,0,0,3,0,0,mi
Mumbai Indians,2013,Kolkata,3,479,41,18,0,0,21,3,1,mi
Mumbai Indians,2013,Mumbai,8,1419,129,62,1,3,64,8,6,mi
Mumbai Indians,2013,Pune,1,116,11,3,0,0,8,1,0,mi
Mumbai Indians,2014,Abu Dhabi,1,122,7,2,0,0,5,0,0,mi
Mumbai Indians,2014,Ahmedabad,1,178,12,9,0,0,8,1,1,mi
Mumbai Indians,2014,Chandigarh,1,159,16,3,0,0,8,1,1,mi
Mumbai Indians,2014,Cuttack,1,141,11,4,0,0,4,0,0,mi
Mumbai Indians,2014,Hyderabad,1,160,15,6,0,0,3,1,0,mi
Mumbai Indians,2014,Mumbai,6,1055,92,49,0,0,30,4,1,mi
Mumbai Indians,2015,Ahmedabad,1,164,17,8,0,0,3,0,1,mi
Mumbai Indians,2015,Bangalore,1,209,23,10,1,0,7,1,0,mi
Mumbai Indians,2015,Chandigarh,1,172,17,4,0,0,7,1,1,mi
Mumbai Indians,2015,Chennai,1,159,10,8,0,0,5,1,0,mi
Mumbai Indians,2015,Delhi,1,153,13,6,0,0,4,0,1,mi
Mumbai Indians,2015,Hyderabad,1,114,13,3,0,1,10,1,0,mi
Mumbai Indians,2015,Kolkata,2,370,34,19,1,0,11,1,0,mi
Mumbai Indians,2015,Mumbai,8,1393,115,62,0,1,48,5,4,mi
Mumbai Indians,2016,Bangalore,1,153,9,8,0,0,4,1,1,mi
Mumbai Indians,2016,Chandigarh,1,189,18,7,0,0,7,1,0,mi
Mumbai Indians,2016,Delhi,1,154,15,4,0,0,4,0,1,mi
Mumbai Indians,2016,Hyderabad,1,142,9,5,0,0,3,0,0,mi
Mumbai Indians,2016,Kanpur,1,172,17,7,0,0,4,0,0,mi
Mumbai Indians,2016,Kolkata,1,188,17,9,0,0,5,1,1,mi
Mumbai Indians,2016,Mumbai,4,613,57,25,0,0,20,2,3,mi
Mumbai Indians,2016,Pune,1,161,15,5,0,0,5,1,1,mi
Mumbai Indians,2016,Visakhapatnam,3,422,28,23,1,1,16,1,2,mi
Mumbai Indians,2017,Bangalore,2,256,20,8,0,1,15,2,2,mi
Mumbai Indians,2017,Delhi,1,212,15,11,1,1,10,1,0,mi
Mumbai Indians,2017,Hyderabad,2,267,18,8,0,0,9,1,2,mi
Mumbai Indians,2017,Indore,1,199,13,15,0,0,4,1,1,mi
Mumbai Indians,2017,Kolkata,1,173,19,5,0,0,8,1,0,mi
Mumbai Indians,2017,Mumbai,8,1345,111,56,1,0,47,5,6,mi
Mumbai Indians,2017,Pune,1,184,12,11,0,0,3,0,0,mi
Mumbai Indians,2017,Rajkot,1,164,17,4,0,0,9,0,0,mi
Mumbai Indians,2018,Bangalore,1,153,13,3,0,0,7,0,1,mi
Mumbai Indians,2018,Delhi,1,163,10,9,0,0,4,0,0,mi
Mumbai Indians,2018,Hyderabad,1,147,15,6,0,0,9,0,0,mi
Mumbai Indians,2018,Indore,1,176,13,11,0,0,6,1,1,mi
Mumbai Indians,2018,Jaipur,1,167,13,7,0,0,7,0,1,mi
Mumbai Indians,2018,Kolkata,1,210,16,14,1,1,10,1,0,mi
Mumbai Indians,2018,Mumbai,7,1194,110,51,1,1,44,3,1,mi
Mumbai Indians,2018,Pune,1,170,14,6,0,0,5,1,1,mi
Mumbai Indians,2019,Bangalore,1,187,17,9,0,0,5,1,0,mi
Mumbai Indians,2019,Chandigarh,1,176,20,3,0,0,2,0,0,mi
Mumbai Indians,2019,Chennai,2,287,28,7,0,1,14,2,0,mi
Mumbai Indians,2019,Delhi,1,168,14,6,0,0,9,1,1,mi
Mumbai Indians,2019,Hyderabad,2,285,17,16,0,1,17,2,1,mi
Mumbai Indians,2019,Jaipur,1,161,11,6,0,0,5,0,0,mi
Mumbai Indians,2019,Kolkata,1,198,14,14,0,0,2,0,1,mi
Mumbai Indians,2019,Mumbai,7,1208,109,55,0,0,46,4,5,mi
Mumbai Indians,2020,Abu Dhabi,8,1417,125,61,0,1,49,6,3,mi
Mumbai Indians,2021,Abu Dhabi,3,527,52,19,1,0,17,2,2,mi
Mumbai Indians,2021,Chennai,5,729,59,23,0,1,30,2,2,mi
Mumbai Indians,2021,Delhi,2,391,29,20,1,0,8,2,2,mi
Mumbai Indians,2021,Dubai,2,247,23,4,0,0,13,0,1,mi
Mumbai Indians,2021,Sharjah,2,223,18,10,0,0,15,1,1,mi
Mumbai Indians,2022,Mumbai,8,1290,103,56,0,1,52,3,6,mi
Mumbai Indians,2022,Navi Mumbai,3,429,33,14,0,0,22,1,2,mi
Mumbai Indians,2022,Pune,3,498,37,30,0,0,13,0,1,mi
Pune Warriors India,2011,Bangalore,1,155,11,6,0,0,5,0,1,pwi
Pune Warriors India,2011,Chandigarh,1,120,14,2,0,0,8,1,0,pwi
Pune Warriors India,2011,Chennai,1,117,6,2,0,0,6,0,1,pwi
Pune Warriors India,2011,Delhi,1,0,0,0,0,0,3,0,0,pwi
Pune Warriors India,2011,Hyderabad,1,137,17,5,0,0,8,1,0,pwi
Pune Warriors India,2011,Jaipur,1,143,15,2,0,0,4,0,0,pwi
Pune Warriors India,2011,Mumbai,8,1103,91,43,0,0,42,2,3,pwi
Pune Warriors India,2012,Bangalore,1,182,15,7,0,0,4,0,1,pwi
Pune Warriors India,2012,Chandigarh,1,115,10,2,0,0,3,0,0,pwi
Pune Warriors India,2012,Chennai,1,151,11,2,0,0,5,0,1,pwi
Pune Warriors India,2012,Cuttack,1,173,16,5,0,0,4,0,0,pwi
Pune Warriors India,2012,Delhi,1,192,19,7,0,0,7,1,0,pwi
Pune Warriors India,2012,Jaipur,1,125,12,0,0,0,4,0,0,pwi
Pune Warriors India,2012,Kolkata,1,143,11,4,0,0,5,0,0,pwi
Pune Warriors India,2012,Mumbai,1,129,11,1,0,0,9,1,0,pwi
Pune Warriors India,2012,Pune,8,1111,76,32,0,0,38,2,4,pwi
Pune Warriors India,2013,Bangalore,1,133,15,3,0,0,5,0,1,pwi
Pune Warriors India,2013,Chandigarh,1,185,20,6,0,0,3,0,0,pwi
Pune Warriors India,2013,Chennai,1,159,16,5,0,0,8,1,1,pwi
Pune Warriors India,2013,Hyderabad,1,104,6,2,0,0,6,0,1,pwi
Pune Warriors India,2013,Jaipur,1,178,20,5,0,0,5,0,1,pwi
Pune Warriors India,2013,Mumbai,1,142,11,5,0,0,3,0,0,pwi
Pune Warriors India,2013,Pune,8,1042,73,40,0,0,41,2,4,pwi
Pune Warriors India,2013,Raipur,1,149,18,1,0,0,5,0,1,pwi
Pune Warriors India,2013,Ranchi,1,170,11,9,0,0,7,1,0,pwi
Punjab Kings,2008,Bangalore,1,127,12,3,0,1,10,1,1,pbks
Punjab Kings,2008,Chandigarh,7,1272,122,50,2,0,47,6,2,pbks
Punjab Kings,2008,Chennai,1,163,8,10,0,0,4,0,1,pbks
Punjab Kings,2008,Delhi,1,94,4,8,0,0,4,1,0,pbks
Punjab Kings,2008,Hyderabad,1,167,21,2,0,0,8,1,1,pbks
Punjab Kings,2008,Jaipur,1,166,18,7,0,0,4,0,1,pbks
Punjab Kings,2008,Kolkata,1,174,17,5,0,0,7,0,1,pbks
Punjab Kings,2008,Mumbai,2,301,29,10,0,1,11,1,1,pbks
Punjab Kings,2009,Bloemfontein,1,123,12,4,0,0,9,1,1,pbks
Punjab Kings,2009,Cape Town,2,243,17,10,0,0,7,1,1,pbks
Punjab Kings,2009,Centurion,2,293,22,11,0,0,5,0,1,pbks
Punjab Kings,2009,Durban,6,812,56,22,0,0,39,2,2,pbks
Punjab Kings,2009,Johannesburg,1,134,10,3,0,0,8,1,0,pbks
Punjab Kings,2009,Kimberley,1,169,10,7,0,0,5,1,1,pbks
Punjab Kings,2009,Port Elizabeth,1,154,13,4,0,0,3,1,0,pbks
Punjab Kings,2010,Bangalore,1,203,20,7,1,0,2,0,1,pbks
Punjab Kings,2010,Chandigarh,5,777,80,15,0,0,28,1,2,pbks
Punjab Kings,2010,Chennai,1,146,15,4,0,0,9,0,0,pbks
Punjab Kings,2010,Cuttack,1,164,18,5,0,0,8,0,1,pbks
Punjab Kings,2010,Delhi,1,112,11,2,0,1,10,1,0,pbks
Punjab Kings,2010,Dharamsala,2,366,42,12,0,0,9,0,0,pbks
Punjab Kings,2010,Jaipur,1,153,13,4,0,0,1,0,1,pbks
Punjab Kings,2010,Kolkata,1,204,21,8,1,0,3,1,0,pbks
Punjab Kings,2010,Mumbai,1,163,14,1,0,0,6,0,0,pbks
Punjab Kings,2011,Bangalore,1,120,11,1,0,0,6,0,1,pbks
Punjab Kings,2011,Chandigarh,4,670,71,15,0,1,26,3,2,pbks
Punjab Kings,2011,Delhi,1,202,21,11,1,0,4,0,1,pbks
Punjab Kings,2011,Dharamsala,3,518,49,25,1,1,20,2,2,pbks
Punjab Kings,2011,Hyderabad,1,166,15,8,0,0,8,1,1,pbks
Punjab Kings,2011,Indore,1,181,17,10,0,0,7,1,1,pbks
Punjab Kings,2011,Kolkata,1,119,11,1,0,0,2,0,0,pbks
Punjab Kings,2011,Mumbai,2,248,24,3,0,0,8,0,2,pbks
Punjab Kings,2012,Bangalore,1,163,14,6,0,0,5,1,1,pbks
Punjab Kings,2012,Chandigarh,6,899,81,22,0,1,33,2,3,pbks
Punjab Kings,2012,Chennai,1,156,14,4,0,0,8,1,1,pbks
Punjab Kings,2012,Delhi,1,136,19,1,0,0,5,0,1,pbks
Punjab Kings,2012,Dharamsala,2,264,34,6,0,0,11,1,1,pbks
Punjab Kings,2012,Hyderabad,1,170,17,5,0,0,8,1,0,pbks
Punjab Kings,2012,Jaipur,1,160,14,4,0,0,4,0,1,pbks
Punjab Kings,2012,Kolkata,1,134,7,5,0,0,7,1,0,pbks
Punjab Kings,2012,Mumbai,1,164,15,4,0,0,6,1,0,pbks
Punjab Kings,2012,Pune,1,144,11,4,0,0,6,0,0,pbks
Punjab Kings,2013,Bangalore,1,176,21,5,0,0,5,1,1,pbks
Punjab Kings,2013,Chandigarh,6,940,87,22,0,0,25,3,3,pbks
Punjab Kings,2013,Chennai,1,171,18,5,0,0,4,0,0,pbks
Punjab Kings,2013,Delhi,1,121,15,1,0,0,7,1,1,pbks
Punjab Kings,2013,Dharamsala,2,354,42,12,0,0,16,2,0,pbks
Punjab Kings,2013,Hyderabad,1,123,9,4,0,0,5,0,1,pbks
Punjab Kings,2013,Jaipur,1,124,12,2,0,0,4,0,0,pbks
Punjab Kings,2013,Kolkata,1,149,15,4,0,0,4,0,1,pbks
Punjab Kings,2013,Mumbai,1,170,11,9,0,0,3,0,0,pbks
Punjab Kings,2013,Pune,1,100,14,1,0,0,9,1,0,pbks
Punjab Kings,2014,Abu Dhabi,2,338,38,7,1,1,14,2,0,pbks
Punjab Kings,2014,Bangalore,2,397,36,17,0,0,16,1,0,pbks
Punjab Kings,2014,Chandigarh,3,454,38,17,0,1,21,2,1,pbks
Punjab Kings,2014,Cuttack,2,380,41,15,1,0,7,1,0,pbks
Punjab Kings,2014,Delhi,1,165,13,6,0,0,7,1,1,pbks
Punjab Kings,2014,Hyderabad,1,211,19,12,1,0,5,1,1,pbks
Punjab Kings,2014,Kolkata,1,135,4,9,0,0,8,0,1,pbks
Punjab Kings,2014,Mumbai,2,394,35,19,1,0,12,1,1,pbks
Punjab Kings,2015,Ahmedabad,1,206,15,10,0,0,8,0,1,pbks
Punjab Kings,2015,Bangalore,1,88,8,3,0,0,3,0,1,pbks
Punjab Kings,2015,Chandigarh,4,515,36,14,0,0,18,1,2,pbks
Punjab Kings,2015,Chennai,1,95,5,2,0,0,3,0,0,pbks
Punjab Kings,2015,Delhi,1,118,9,3,0,0,1,0,0,pbks
Punjab Kings,2015,Hyderabad,1,180,11,12,0,0,5,0,0,pbks
Punjab Kings,2015,Kolkata,1,183,11,11,0,0,9,0,1,pbks
Punjab Kings,2015,Mumbai,1,177,21,4,0,0,7,1,0,pbks
Punjab Kings,2015,Pune,3,456,31,20,0,0,18,0,2,pbks
Punjab Kings,2016,Bangalore,1,120,12,4,0,0,3,0,1,pbks
Punjab Kings,2016,Chandigarh,7,1150,107,25,0,0,36,2,3,pbks
Punjab Kings,2016,Delhi,1,111,11,2,0,0,2,0,0,pbks
Punjab Kings,2016,Hyderabad,1,143,9,6,0,0,5,0,0,pbks
Punjab Kings,2016,Kolkata,1,157,12,6,0,0,3,0,1,pbks
Punjab Kings,2016,Rajkot,1,154,15,1,0,0,9,1,0,pbks
Punjab Kings,2016,Visakhapatnam,2,299,25,10,0,0,15,1,1,pbks
Punjab Kings,2017,Bangalore,1,138,11,3,0,1,10,1,0,pbks
Punjab Kings,2017,Chandigarh,4,605,59,19,0,1,23,2,2,pbks
Punjab Kings,2017,Delhi,1,137,11,3,0,0,6,0,0,pbks
Punjab Kings,2017,Hyderabad,1,154,11,7,0,0,6,0,1,pbks
Punjab Kings,2017,Indore,3,512,39,27,0,0,12,2,1,pbks
Punjab Kings,2017,Kolkata,1,170,18,6,0,0,2,0,0,pbks
Punjab Kings,2017,Mumbai,1,230,18,12,1,0,6,1,0,pbks
Punjab Kings,2017,Pune,1,73,5,2,0,0,1,0,0,pbks
Punjab Kings,2017,Rajkot,1,188,17,9,0,0,7,1,0,pbks
Punjab Kings,2018,Bangalore,1,155,12,6,0,0,6,0,0,pbks
Punjab Kings,2018,Chandigarh,3,557,45,30,0,0,17,3,2,pbks
Punjab Kings,2018,Delhi,1,143,12,2,0,0,8,1,0,pbks
Punjab Kings,2018,Hyderabad,1,119,9,4,0,0,6,0,1,pbks
Punjab Kings,2018,Indore,4,631,40,38,1,0,19,1,2,pbks
Punjab Kings,2018,Jaipur,1,143,13,2,0,0,8,0,0,pbks
Punjab Kings,2018,Kolkata,1,126,14,8,0,0,7,1,1,pbks
Punjab Kings,2018,Mumbai,1,183,16,6,0,0,8,0,1,pbks
Punjab Kings,2018,Pune,1,153,9,8,0,0,5,0,0,pbks
Punjab Kings,2019,Bangalore,1,185,19,9,0,0,4,0,1,pbks
Punjab Kings,2019,Chandigarh,7,1205,96,54,0,1,38,5,3,pbks
Punjab Kings,2019,Chennai,1,138,9,3,0,0,3,0,0,pbks
Punjab Kings,2019,Delhi,1,163,13,8,0,0,5,0,0,pbks
Punjab Kings,2019,Hyderabad,1,167,11,9,0,0,6,0,1,pbks
Punjab Kings,2019,Jaipur,1,184,17,7,0,0,9,1,0,pbks
Punjab Kings,2019,Kolkata,1,190,19,7,0,0,4,0,1,pbks
Punjab Kings,2019,Mumbai,1,197,13,13,0,0,7,0,0,pbks
Punjab Kings,2020,Abu Dhabi,4,643,48,23,0,0,14,0,1,pbks
Punjab Kings,2021,Abu Dhabi,1,135,11,1,0,0,4,0,0,pbks
Punjab Kings,2021,Ahmedabad,3,468,31,24,0,0,16,1,0,pbks
Punjab Kings,2021,Chennai,2,252,19,8,0,0,7,1,2,pbks
Punjab Kings,2021,Dubai,3,490,31,26,0,1,23,2,3,pbks
Punjab Kings,2021,Mumbai,3,522,45,25,1,0,15,1,0,pbks
Punjab Kings,2021,Sharjah,2,283,18,9,0,0,14,1,0,pbks
Punjab Kings,2022,Mumbai,10,1725,146,86,2,1,51,5,2,pbks
Punjab Kings,2022,Navi Mumbai,2,287,28,10,0,0,15,1,1,pbks
Punjab Kings,2022,Pune,2,331,26,14,0,0,17,1,1,pbks
Rajasthan Royals,2008,Bangalore,1,138,22,2,0,0,8,1,1,rr
Rajasthan Royals,2008,Chandigarh,1,180,18,8,0,0,3,0,1,rr
Rajasthan Royals,2008,Chennai,1,211,20,9,1,0,7,1,1,rr
Rajasthan Royals,2008,Delhi,1,129,14,3,0,0,1,0,1,rr
Rajasthan Royals,2008,Hyderabad,1,217,18,14,1,0,5,1,1,rr
Rajasthan Royals,2008,Jaipur,7,1117,110,27,0,2,59,7,4,rr
Rajasthan Royals,2008,Kolkata,1,150,17,5,0,0,8,1,1,rr
Rajasthan Royals,2008,Mumbai,3,459,40,17,0,1,18,2,1,rr
Rajasthan Royals,2009,Bloemfontein,1,136,13,1,0,0,3,0,0,rr
Rajasthan Royals,2009,Cape Town,3,338,22,9,0,0,23,0,0,rr
Rajasthan Royals,2009,Centurion,3,380,32,12,0,1,22,2,2,rr
Rajasthan Royals,2009,Durban,3,457,48,14,1,1,24,2,1,rr
Rajasthan Royals,2009,Kimberley,2,253,21,6,0,0,10,0,1,rr
Rajasthan Royals,2009,Port Elizabeth,1,142,12,5,0,0,5,1,0,rr
Rajasthan Royals,2010,Ahmedabad,4,637,60,22,0,0,24,3,2,rr
Rajasthan Royals,2010,Bangalore,1,92,5,2,0,0,0,0,0,rr
Rajasthan Royals,2010,Chandigarh,1,183,21,3,0,1,10,1,0,rr
Rajasthan Royals,2010,Chennai,1,223,20,13,1,0,5,0,0,rr
Rajasthan Royals,2010,Delhi,1,121,9,6,0,0,6,0,0,rr
Rajasthan Royals,2010,Jaipur,3,424,41,11,0,0,16,1,2,rr
Rajasthan Royals,2010,Kolkata,1,132,14,2,0,0,2,0,1,rr
Rajasthan Royals,2010,Mumbai,1,208,18,11,1,0,7,0,0,rr
Rajasthan Royals,2010,Nagpur,1,159,14,4,0,1,10,1,1,rr
Rajasthan Royals,2011,Chandigarh,1,147,16,2,0,0,7,0,1,rr
Rajasthan Royals,2011,Chennai,1,147,18,0,0,0,2,0,1,rr
Rajasthan Royals,2011,Hyderabad,1,141,15,3,0,0,8,1,1,rr
Rajasthan Royals,2011,Indore,1,97,9,4,0,0,2,0,0,rr
Rajasthan Royals,2011,Jaipur,7,940,74,26,0,1,36,4,4,rr
Rajasthan Royals,2011,Kolkata,1,81,6,1,0,0,2,0,0,rr
Rajasthan Royals,2011,Mumbai,1,134,15,6,0,0,5,1,0,rr
Rajasthan Royals,2012,Bangalore,1,195,19,10,0,1,10,1,1,rr
Rajasthan Royals,2012,Chandigarh,1,177,18,6,0,0,8,1,1,rr
Rajasthan Royals,2012,Chennai,1,146,12,5,0,0,3,0,1,rr
Rajasthan Royals,2012,Delhi,1,151,17,1,0,0,6,0,0,rr
Rajasthan Royals,2012,Hyderabad,1,126,10,2,0,0,5,0,1,rr
Rajasthan Royals,2012,Jaipur,8,1294,132,29,0,1,43,4,4,rr
Rajasthan Royals,2012,Kolkata,1,131,13,2,0,0,5,0,1,rr
Rajasthan Royals,2012,Mumbai,1,170,12,10,0,0,6,0,1,rr
Rajasthan Royals,2012,Pune,1,126,13,4,0,0,6,1,0,rr
Rajasthan Royals,2013,Bangalore,1,117,14,2,0,0,3,0,0,rr
Rajasthan Royals,2013,Chandigarh,1,147,12,5,0,0,6,1,1,rr
Rajasthan Royals,2013,Chennai,1,185,12,7,0,0,5,0,1,rr
Rajasthan Royals,2013,Delhi,2,300,26,11,0,0,13,2,1,rr
Rajasthan Royals,2013,Hyderabad,1,113,7,4,0,0,9,0,0,rr
Rajasthan Royals,2013,Jaipur,8,1249,131,33,0,3,57,8,4,rr
Rajasthan Royals,2013,Kolkata,2,297,33,3,0,0,8,0,2,rr
Rajasthan Royals,2013,Mumbai,1,152,15,4,0,0,8,0,1,rr
Rajasthan Royals,2013,Pune,1,145,17,1,0,0,3,0,1,rr
Rajasthan Royals,2014,Abu Dhabi,3,369,38,4,0,1,26,2,3,rr
Rajasthan Royals,2014,Ahmedabad,4,626,38,27,1,0,27,2,1,rr
Rajasthan Royals,2014,Bangalore,1,191,19,8,0,0,5,1,0,rr
Rajasthan Royals,2014,Chandigarh,1,163,9,8,0,0,4,0,1,rr
Rajasthan Royals,2014,Delhi,1,156,12,7,0,0,5,1,1,rr
Rajasthan Royals,2014,Mumbai,1,189,17,9,0,0,5,0,0,rr
Rajasthan Royals,2014,Ranchi,1,148,10,7,0,0,5,0,1,rr
Rajasthan Royals,2015,Ahmedabad,4,649,54,20,0,0,19,2,0,rr
Rajasthan Royals,2015,Bangalore,1,0,0,0,0,0,7,0,1,rr
Rajasthan Royals,2015,Chennai,1,145,11,3,0,0,5,0,0,rr
Rajasthan Royals,2015,Delhi,1,186,15,8,0,0,3,1,1,rr
Rajasthan Royals,2015,Mumbai,4,761,72,27,0,0,25,2,3,rr
Rajasthan Royals,2015,Pune,2,271,21,7,0,0,12,1,0,rr
Rajasthan Royals,2015,Visakhapatnam,1,131,15,0,0,0,5,1,1,rr
Rajasthan Royals,2018,Bangalore,1,217,14,14,1,0,6,1,0,rr
Rajasthan Royals,2018,Delhi,1,146,9,12,0,0,6,0,1,rr
Rajasthan Royals,2018,Hyderabad,1,125,12,0,0,0,1,0,0,rr
Rajasthan Royals,2018,Indore,1,152,16,1,0,0,4,0,0,rr
Rajasthan Royals,2018,Jaipur,7,1120,91,31,0,1,42,5,2,rr
Rajasthan Royals,2018,Kolkata,2,286,27,9,0,0,11,0,1,rr
Rajasthan Royals,2018,Mumbai,1,171,16,7,0,0,6,1,1,rr
Rajasthan Royals,2018,Pune,1,140,10,3,0,0,5,0,1,rr
Rajasthan Royals,2019,Bangalore,1,41,3,4,0,0,7,0,1,rr
Rajasthan Royals,2019,Chandigarh,1,170,10,5,0,0,6,0,1,rr
Rajasthan Royals,2019,Chennai,1,167,11,7,0,0,5,0,1,rr
Rajasthan Royals,2019,Delhi,1,115,8,3,0,0,5,0,1,rr
Rajasthan Royals,2019,Hyderabad,1,198,18,7,0,0,5,0,1,rr
Rajasthan Royals,2019,Jaipur,7,1138,119,23,0,0,33,3,4,rr
Rajasthan Royals,2019,Kolkata,1,177,18,8,0,0,6,1,1,rr
Rajasthan Royals,2019,Mumbai,1,188,19,9,0,0,5,1,1,rr
Rajasthan Royals,2020,Abu Dhabi,5,798,70,33,0,0,20,3,2,rr
Rajasthan Royals,2021,Abu Dhabi,2,311,25,12,0,0,10,1,2,rr
Rajasthan Royals,2021,Delhi,2,391,31,19,1,0,11,1,0,rr
Rajasthan Royals,2021,Dubai,3,498,42,20,0,0,10,1,1,rr
Rajasthan Royals,2021,Mumbai,5,821,75,33,1,0,32,2,4,rr
Rajasthan Royals,2021,Sharjah,2,175,14,6,0,0,6,0,1,rr
Rajasthan Royals,2022,Kolkata,1,188,19,7,0,0,3,0,0,rr
Rajasthan Royals,2022,Mumbai,10,1792,158,81,2,1,66,7,2,rr
Rajasthan Royals,2022,Navi Mumbai,2,318,26,13,0,0,7,0,0,rr
Rajasthan Royals,2022,Pune,2,354,25,22,1,1,17,2,0,rr
Rising Pune Supergiants,2016,Bangalore,1,191,20,7,0,0,3,0,0,rps
Rising Pune Supergiants,2016,Chandigarh,1,152,18,0,0,0,4,0,1,rps
Rising Pune Supergiants,2016,Delhi,1,166,11,6,0,0,7,1,1,rps
Rising Pune Supergiants,2016,Hyderabad,1,94,11,2,0,0,8,1,1,rps
Rising Pune Supergiants,2016,Kolkata,1,103,7,2,0,0,2,0,1,rps
Rising Pune Supergiants,2016,Mumbai,1,126,8,8,0,0,8,1,0,rps
Rising Pune Supergiants,2016,Pune,4,686,49,24,0,0,20,0,1,rps
Rising Pune Supergiants,2016,Rajkot,1,163,13,6,0,0,3,0,1,rps
Rising Pune Supergiants,2016,Visakhapatnam,3,382,34,13,0,0,21,2,1,rps
Rising Pune Supergiants,2017,Bangalore,1,161,17,4,0,0,9,1,0,rps
Rising Pune Supergiants,2017,Delhi,1,161,13,6,0,0,8,0,0,rps
Rising Pune Supergiants,2017,Hyderabad,2,276,14,8,0,0,17,1,0,rps
Rising Pune Supergiants,2017,Indore,1,163,11,7,0,0,4,0,0,rps
Rising Pune Supergiants,2017,Kolkata,1,158,13,9,0,0,8,1,1,rps
Rising Pune Supergiants,2017,Mumbai,2,322,26,11,0,0,17,2,0,rps
Rising Pune Supergiants,2017,Pune,7,1058,88,38,0,2,47,5,5,rps
Rising Pune Supergiants,2017,Rajkot,1,171,15,6,0,0,3,0,0,rps
Royal Challengers Bangalore,2008,Bangalore,7,940,85,28,0,0,27,1,1,rcb
Royal Challengers Bangalore,2008,Chandigarh,1,143,13,2,0,0,1,0,1,rcb
Royal Challengers Bangalore,2008,Chennai,1,126,14,1,0,0,8,1,1,rcb
Royal Challengers Bangalore,2008,Delhi,1,181,16,7,0,0,5,0,1,rcb
Royal Challengers Bangalore,2008,Hyderabad,1,171,19,7,0,1,10,1,0,rcb
Royal Challengers Bangalore,2008,Jaipur,1,132,10,6,0,0,1,0,1,rcb
Royal Challengers Bangalore,2008,Kolkata,1,124,15,2,0,0,7,0,0,rcb
Royal Challengers Bangalore,2008,Mumbai,1,166,15,6,0,0,7,1,0,rcb
Royal Challengers Bangalore,2009,Cape Town,2,293,32,6,0,1,16,1,1,rcb
Royal Challengers Bangalore,2009,Centurion,3,451,34,17,0,0,13,2,2,rcb
Royal Challengers Bangalore,2009,Durban,4,588,52,17,0,1,26,3,2,rcb
Royal Challengers Bangalore,2009,Johannesburg,4,571,48,18,0,0,22,3,2,rcb
Royal Challengers Bangalore,2009,Port Elizabeth,3,377,26,9,0,0,11,0,1,rcb
Royal Challengers Bangalore,2010,Bangalore,7,1114,96,43,1,1,40,4,4,rcb
Royal Challengers Bangalore,2010,Chandigarh,1,184,17,4,0,0,5,1,0,rcb
Royal Challengers Bangalore,2010,Chennai,1,161,16,5,0,0,5,0,1,rcb
Royal Challengers Bangalore,2010,Delhi,1,147,9,6,0,0,5,0,0,rcb
Royal Challengers Bangalore,2010,Jaipur,1,132,18,4,0,0,6,1,0,rcb
Royal Challengers Bangalore,2010,Kolkata,1,135,13,2,0,0,3,0,0,rcb
Royal Challengers Bangalore,2010,Mumbai,3,390,36,10,0,1,24,2,0,rcb
Royal Challengers Bangalore,2010,Nagpur,1,138,9,3,0,0,6,0,1,rcb
Royal Challengers Bangalore,2011,Bangalore,6,888,85,38,1,0,36,5,2,rcb
Royal Challengers Bangalore,2011,Chennai,3,494,37,17,0,0,18,1,0,rcb
Royal Challengers Bangalore,2011,Delhi,1,161,17,5,0,0,6,1,1,rcb
Royal Challengers Bangalore,2011,Dharamsala,1,121,12,4,0,0,2,0,0,rcb
Royal Challengers Bangalore,2011,Hyderabad,1,142,12,3,0,0,5,0,1,rcb
Royal Challengers Bangalore,2011,Jaipur,1,151,18,5,0,0,6,1,1,rcb
Royal Challengers Bangalore,2011,Kochi,1,162,12,7,0,0,5,1,0,rcb
Royal Challengers Bangalore,2011,Kolkata,1,175,19,8,0,0,5,1,1,rcb
Royal Challengers Bangalore,2011,Mumbai,1,175,13,7,0,0,4,0,0,rcb
Royal Challengers Bangalore,2012,Bangalore,7,1116,80,52,0,0,36,3,2,rcb
Royal Challengers Bangalore,2012,Chandigarh,1,166,16,4,0,0,6,1,1,rcb
Royal Challengers Bangalore,2012,Chennai,1,205,14,12,1,0,5,0,1,rcb
Royal Challengers Bangalore,2012,Delhi,1,215,18,14,1,0,9,1,0,rcb
Royal Challengers Bangalore,2012,Hyderabad,1,123,7,6,0,0,7,0,1,rcb
Royal Challengers Bangalore,2012,Jaipur,1,189,17,6,0,0,7,1,0,rcb
Royal Challengers Bangalore,2012,Kolkata,1,143,12,7,0,0,4,0,0,rcb
Royal Challengers Bangalore,2012,Mumbai,1,142,9,8,0,0,6,1,1,rcb
Royal Challengers Bangalore,2012,Pune,1,173,13,9,0,0,9,1,0,rcb
Royal Challengers Bangalore,2013,Bangalore,8,1309,116,72,1,1,54,6,3,rcb
Royal Challengers Bangalore,2013,Chandigarh,1,190,21,6,0,0,4,0,0,rcb
Royal Challengers Bangalore,2013,Chennai,1,165,13,4,0,0,6,0,0,rcb
Royal Challengers Bangalore,2013,Delhi,1,183,19,6,0,0,7,1,0,rcb
Royal Challengers Bangalore,2013,Hyderabad,1,145,12,2,0,0,7,0,1,rcb
Royal Challengers Bangalore,2013,Jaipur,1,171,15,5,0,0,6,0,0,rcb
Royal Challengers Bangalore,2013,Mumbai,1,136,12,3,0,0,7,0,0,rcb
Royal Challengers Bangalore,2013,Pune,1,187,17,6,0,0,9,1,1,rcb
Royal Challengers Bangalore,2013,Ranchi,1,115,5,2,0,0,5,0,0,rcb
Royal Challengers Bangalore,2014,Abu Dhabi,1,70,6,1,0,0,4,0,0,rcb
Royal Challengers Bangalore,2014,Bangalore,5,854,60,50,0,0,28,2,3,rcb
Royal Challengers Bangalore,2014,Hyderabad,1,160,13,6,0,0,3,0,1,rcb
Royal Challengers Bangalore,2014,Kolkata,1,165,14,4,0,0,4,0,1,rcb
Royal Challengers Bangalore,2014,Mumbai,1,168,15,8,0,0,5,0,1,rcb
Royal Challengers Bangalore,2014,Ranchi,1,142,8,8,0,0,4,1,0,rcb
Royal Challengers Bangalore,2015,Ahmedabad,1,134,10,4,0,0,9,1,1,rcb
Royal Challengers Bangalore,2015,Bangalore,7,1054,92,54,2,1,36,2,4,rcb
Royal Challengers Bangalore,2015,Chandigarh,1,84,6,2,0,0,6,0,1,rcb
Royal Challengers Bangalore,2015,Chennai,1,124,15,1,0,0,9,0,0,rcb
Royal Challengers Bangalore,2015,Delhi,1,99,12,4,0,1,10,1,1,rcb
Royal Challengers Bangalore,2015,Hyderabad,1,83,7,6,0,0,3,1,0,rcb
Royal Challengers Bangalore,2015,Kolkata,1,179,12,12,0,0,6,1,1,rcb
Royal Challengers Bangalore,2015,Mumbai,1,235,26,9,1,0,7,1,1,rcb
Royal Challengers Bangalore,2015,Pune,1,180,15,8,0,1,10,1,1,rcb
Royal Challengers Bangalore,2015,Ranchi,1,139,11,5,0,0,7,0,0,rcb
Royal Challengers Bangalore,2016,Bangalore,9,1767,139,104,4,2,60,5,2,rcb
Royal Challengers Bangalore,2016,Chandigarh,1,175,15,3,0,0,4,1,0,rcb
Royal Challengers Bangalore,2016,Hyderabad,1,179,14,6,0,0,5,0,1,rcb
Royal Challengers Bangalore,2016,Kolkata,1,186,15,10,0,0,5,1,1,rcb
Royal Challengers Bangalore,2016,Mumbai,1,170,12,7,0,0,4,0,0,rcb
Royal Challengers Bangalore,2016,Pune,1,185,14,6,0,0,9,1,0,rcb
Royal Challengers Bangalore,2016,Raipur,1,139,13,2,0,0,8,1,1,rcb
Royal Challengers Bangalore,2016,Rajkot,1,180,18,4,0,0,4,0,1,rcb
Royal Challengers Bangalore,2017,Bangalore,6,844,58,29,0,0,37,1,3,rcb
Royal Challengers Bangalore,2017,Delhi,1,161,11,7,0,1,10,1,1,rcb
Royal Challengers Bangalore,2017,Hyderabad,1,172,15,8,0,0,4,0,1,rcb
Royal Challengers Bangalore,2017,Indore,1,148,6,11,0,0,2,0,1,rcb
Royal Challengers Bangalore,2017,Kolkata,1,49,8,0,0,1,10,0,1,rcb
Royal Challengers Bangalore,2017,Mumbai,1,162,10,8,0,0,6,0,1,rcb
Royal Challengers Bangalore,2017,Pune,1,96,6,1,0,0,3,0,1,rcb
Royal Challengers Bangalore,2017,Rajkot,1,213,19,11,1,0,7,1,0,rcb
Royal Challengers Bangalore,2018,Bangalore,7,1298,101,69,2,1,39,4,3,rcb
Royal Challengers Bangalore,2018,Delhi,1,187,14,10,0,0,4,1,1,rcb
Royal Challengers Bangalore,2018,Hyderabad,1,141,13,3,0,1,10,0,1,rcb
Royal Challengers Bangalore,2018,Indore,1,92,13,2,0,1,10,1,1,rcb
Royal Challengers Bangalore,2018,Jaipur,1,134,15,2,0,0,5,0,0,rcb
Royal Challengers Bangalore,2018,Kolkata,1,176,14,10,0,0,6,0,0,rcb
Royal Challengers Bangalore,2018,Mumbai,1,167,12,7,0,0,6,0,1,rcb
Royal Challengers Bangalore,2018,Pune,1,127,11,3,0,0,4,0,0,rcb
Royal Challengers Bangalore,2019,Bangalore,7,1138,93,53,2,0,42,3,2,rcb
Royal Challengers Bangalore,2019,Chandigarh,1,174,21,2,0,0,4,1,1,rcb
Royal Challengers Bangalore,2019,Chennai,1,70,3,1,0,0,3,0,0,rcb
Royal Challengers Bangalore,2019,Delhi,1,171,12,8,0,0,5,0,0,rcb
Royal Challengers Bangalore,2019,Hyderabad,1,113,9,4,0,0,2,0,1,rcb
Royal Challengers Bangalore,2019,Jaipur,1,158,18,3,0,0,3,0,0,rcb
Royal Challengers Bangalore,2019,Kolkata,1,213,18,12,1,0,5,1,0,rcb
Royal Challengers Bangalore,2019,Mumbai,1,171,12,10,0,0,5,0,0,rcb
Royal Challengers Bangalore,2020,Abu Dhabi,5,690,70,11,0,0,27,2,0,rcb
Royal Challengers Bangalore,2021,Abu Dhabi,2,229,20,4,0,0,8,0,2,rcb
Royal Challengers Bangalore,2021,Ahmedabad,2,316,19,15,0,0,9,1,1,rcb
Royal Challengers Bangalore,2021,Chennai,3,513,48,15,1,0,26,3,2,rcb
Royal Challengers Bangalore,2021,Dubai,3,484,43,16,0,1,24,3,2,rcb
Royal Challengers Bangalore,2021,Mumbai,2,303,27,13,0,0,13,1,1,rcb
Royal Challengers Bangalore,2021,Sharjah,3,458,33,16,0,0,16,1,2,rcb
Royal Challengers Bangalore,2022,Mumbai,11,1828,161,68,1,2,66,6,6,rcb
Royal Challengers Bangalore,2022,Pune,3,440,31,18,0,0,22,2,2,rcb
Sunrisers Hyderabad,2013,Bangalore,1,161,10,7,0,0,3,0,1,srh
Sunrisers Hyderabad,2013,Chandigarh,1,150,14,5,0,0,9,1,0,srh
Sunrisers Hyderabad,2013,Chennai,1,159,17,4,0,0,5,0,1,srh
Sunrisers Hyderabad,2013,Delhi,2,247,24,5,0,0,14,1,1,srh
Sunrisers Hyderabad,2013,Hyderabad,8,1028,81,21,0,2,60,6,2,srh
Sunrisers Hyderabad,2013,Jaipur,1,144,16,2,0,0,2,0,1,srh
Sunrisers Hyderabad,2013,Kolkata,1,132,7,3,0,0,4,0,0,srh
Sunrisers Hyderabad,2013,Mumbai,1,178,18,5,0,0,4,0,1,srh
Sunrisers Hyderabad,2013,Pune,1,119,9,2,0,1,10,1,0,srh
Sunrisers Hyderabad,2014,Abu Dhabi,1,133,6,2,0,0,6,0,0,srh
Sunrisers Hyderabad,2014,Ahmedabad,1,134,15,0,0,1,10,1,0,srh
Sunrisers Hyderabad,2014,Bangalore,1,155,12,6,0,0,6,0,0,srh
Sunrisers Hyderabad,2014,Delhi,1,44,2,2,0,0,7,1,1,srh
Sunrisers Hyderabad,2014,Hyderabad,4,665,54,29,1,0,16,1,2,srh
Sunrisers Hyderabad,2014,Kolkata,1,160,19,5,0,0,6,0,0,srh
Sunrisers Hyderabad,2014,Ranchi,1,189,17,7,0,0,3,1,1,srh
Sunrisers Hyderabad,2015,Bangalore,1,172,14,7,0,1,10,1,1,srh
Sunrisers Hyderabad,2015,Chandigarh,1,150,17,3,0,0,9,1,0,srh
Sunrisers Hyderabad,2015,Chennai,1,164,8,7,0,0,4,0,0,srh
Sunrisers Hyderabad,2015,Hyderabad,4,625,58,22,0,0,18,2,3,srh
Sunrisers Hyderabad,2015,Kolkata,1,132,8,6,0,0,7,0,1,srh
Sunrisers Hyderabad,2015,Mumbai,2,338,35,9,1,0,15,1,0,srh
Sunrisers Hyderabad,2015,Raipur,1,163,9,6,0,0,4,1,1,srh
Sunrisers Hyderabad,2015,Visakhapatnam,3,466,36,19,0,0,12,1,0,srh
Sunrisers Hyderabad,2016,Bangalore,2,390,35,19,1,0,11,1,2,srh
Sunrisers Hyderabad,2016,Chandigarh,1,180,15,7,0,0,4,1,0,srh
Sunrisers Hyderabad,2016,Delhi,2,325,29,14,0,0,15,2,1,srh
Sunrisers Hyderabad,2016,Hyderabad,7,1020,86,29,0,0,32,4,4,srh
Sunrisers Hyderabad,2016,Kolkata,1,149,9,6,0,0,6,0,1,srh
Sunrisers Hyderabad,2016,Raipur,1,158,15,3,0,0,4,0,0,srh
Sunrisers Hyderabad,2016,Rajkot,1,137,14,0,0,0,8,1,1,srh
Sunrisers Hyderabad,2016,Visakhapatnam,2,314,28,11,0,1,18,2,1,srh
Sunrisers Hyderabad,2017,Bangalore,1,128,9,5,0,0,3,0,0,srh
Sunrisers Hyderabad,2017,Chandigarh,1,207,19,7,1,0,9,1,0,srh
Sunrisers Hyderabad,2017,Delhi,1,185,22,4,0,0,4,0,0,srh
Sunrisers Hyderabad,2017,Hyderabad,7,1182,96,41,2,2,54,6,3,srh
Sunrisers Hyderabad,2017,Kanpur,1,158,23,0,0,1,10,1,1,srh
Sunrisers Hyderabad,2017,Kolkata,1,155,16,5,0,0,6,0,1,srh
Sunrisers Hyderabad,2017,Mumbai,1,158,18,3,0,0,6,0,0,srh
Sunrisers Hyderabad,2017,Pune,1,176,17,5,0,0,4,0,0,srh
Sunrisers Hyderabad,2018,Bangalore,1,204,16,12,1,0,6,0,1,srh
Sunrisers Hyderabad,2018,Chandigarh,1,178,11,5,0,0,3,0,0,srh
Sunrisers Hyderabad,2018,Delhi,1,191,20,6,0,0,5,1,0,srh
Sunrisers Hyderabad,2018,Hyderabad,7,1070,93,33,0,1,46,5,4,srh
Sunrisers Hyderabad,2018,Jaipur,1,151,15,2,0,0,6,1,1,srh
Sunrisers Hyderabad,2018,Kolkata,2,313,30,10,0,0,17,2,1,srh
Sunrisers Hyderabad,2018,Mumbai,3,435,38,14,0,1,20,1,0,srh
Sunrisers Hyderabad,2018,Pune,1,179,17,6,0,0,2,0,0,srh
Sunrisers Hyderabad,2019,Bangalore,1,175,14,9,0,0,6,0,0,srh
Sunrisers Hyderabad,2019,Chandigarh,1,150,12,2,0,0,4,0,0,srh
Sunrisers Hyderabad,2019,Chennai,1,175,12,6,0,0,4,0,0,srh
Sunrisers Hyderabad,2019,Delhi,1,131,14,2,0,0,8,1,1,srh
Sunrisers Hyderabad,2019,Hyderabad,7,1154,91,43,3,1,47,5,3,srh
Sunrisers Hyderabad,2019,Jaipur,1,160,12,1,0,0,3,0,0,srh
Sunrisers Hyderabad,2019,Kolkata,1,181,15,6,0,0,4,0,0,srh
Sunrisers Hyderabad,2019,Mumbai,1,170,16,6,0,0,5,0,0,srh
Sunrisers Hyderabad,2019,Visakhapatnam,1,162,12,7,0,0,8,0,0,srh
Sunrisers Hyderabad,2020,Abu Dhabi,5,773,60,22,0,0,25,2,3,srh
Sunrisers Hyderabad,2021,Abu Dhabi,2,334,35,6,0,0,15,1,0,srh
Sunrisers Hyderabad,2021,Chennai,5,744,48,31,0,1,33,1,2,srh
Sunrisers Hyderabad,2021,Delhi,2,336,27,12,0,0,6,0,2,srh
Sunrisers Hyderabad,2021,Dubai,3,416,33,12,0,0,11,1,2,srh
Sunrisers Hyderabad,2021,Sharjah,2,254,9,9,0,0,11,0,1,srh
Sunrisers Hyderabad,2022,Mumbai,11,1736,140,75,0,2,72,6,8,srh
Sunrisers Hyderabad,2022,Pune,3,461,30,22,0,0,14,0,2,srh
